Player,Pos,Age,Tm,G,GS,MP,FG,FGA,FG%,3P,3PA,3P%,2P,2PA,2P%,eFG%,FT,FTA,FT%,ORB,DRB,TRB,AST,STL,BLK,TOV,PF,PTS
LaMarcus Aldridge,C,35,BRK,5,5,26.0,5.0,9.6,.521,0.8,1.0,.800,4.2,8.6,.488,.563,2.0,2.0,1.000,0.4,4.4,4.8,2.6,0.6,2.2,1.4,2.2,12.8
Jarrett Allen,C,22,BRK,12,5,26.7,3.7,5.4,.677,0.0,0.0,0,3.7,5.4,.677,.677,3.8,5.1,.754,3.2,7.3,10.4,1.7,0.6,1.6,1.8,1.8,11.2
Jarrett Allen,C,22,CLE,51,40,30.3,5.0,8.2,.609,0.1,0.4,.316,4.9,7.8,.623,.616,3.1,4.5,.690,3.1,6.8,9.9,1.7,0.5,1.4,1.5,1.5,13.2
Marques Bolden,C,22,CLE,6,0,4.8,0.2,0.5,.333,0.0,0.0,0,0.2,0.5,.333,.333,0.8,1.3,.625,0.5,0.5,1.0,0.0,0.3,0.3,0.3,0.0,1.2
Bruce Brown,PG,24,BRK,65,37,22.3,3.6,6.5,.556,0.3,0.9,.288,3.4,5.6,.599,.576,1.3,1.8,.735,1.7,3.7,5.4,1.6,0.9,0.4,0.8,2.2,8.8
Chris Chiozza,PG,25,BRK,22,1,10.5,1.4,4.0,.352,0.6,1.9,.310,0.8,2.1,.391,.426,0.6,0.8,.765,0.1,1.0,1.1,3.0,0.3,0.3,0.7,0.9,4.0
Nic Claxton,C,21,BRK,32,1,18.6,2.8,4.5,.621,0.0,0.2,.200,2.8,4.4,.636,.624,1.0,2.0,.484,1.3,3.8,5.2,0.9,0.7,1.3,0.6,2.1,6.6
Quinn Cook,PG,27,CLE,7,0,13.6,2.4,6.0,.405,0.9,1.9,.462,1.6,4.1,.379,.476,0.4,0.4,1.000,0.3,1.4,1.7,1.9,0.4,0.0,0.6,1.1,6.1
Matthew Dellavedova,PG,30,CLE,13,1,17.2,1.1,4.3,.250,0.3,1.9,.160,0.8,2.4,.323,.286,0.3,0.3,1.000,0.5,1.4,1.8,4.5,0.3,0.1,0.5,1.6,2.8
Spencer Dinwiddie,SG,27,BRK,3,3,21.3,2.0,5.3,.375,0.7,2.3,.286,1.3,3.0,.444,.438,2.0,2.0,1.000,0.0,4.3,4.3,3.0,0.7,0.3,1.7,1.3,6.7
Damyean Dotson,SG,26,CLE,46,7,19.7,2.6,6.4,.406,1.0,3.5,.289,1.6,2.9,.545,.485,0.5,0.8,.667,0.1,1.9,2.0,2.0,0.3,0.1,0.9,0.9,6.7
Andre Drummond,C,27,CLE,25,25,28.9,7.2,15.2,.474,0.0,0.3,.000,7.2,14.9,.484,.474,3.1,5.2,.597,4.0,9.4,13.5,2.6,1.6,1.2,3.2,2.8,17.5
Wayne Ellington,SG,33,DET,46,31,22.0,3.2,7.3,.441,2.5,6.0,.422,0.7,1.4,.524,.612,0.6,0.8,.800,0.3,1.6,1.8,1.5,0.4,0.2,0.7,1.3,9.6
Dante Exum,SG,25,CLE,6,3,19.3,1.7,4.3,.385,0.3,1.8,.182,1.3,2.5,.533,.423,0.2,0.3,.500,0.3,2.5,2.8,2.2,0.7,0.3,1.2,1.5,3.8
Yogi Ferrell,PG,27,CLE,2,0,20.0,4.0,10.5,.381,1.5,4.5,.333,2.5,6.0,.417,.452,0.0,1.0,.000,1.5,2.0,3.5,2.5,1.5,0.5,1.5,2.0,9.5
Darius Garland,PG,21,CLE,54,50,33.1,6.7,14.9,.451,1.9,4.9,.395,4.8,9.9,.479,.517,2.1,2.4,.848,0.4,2.0,2.4,6.1,1.2,0.1,3.0,2.0,17.4
James Harden,PG,31,BRK,36,35,36.6,7.8,16.6,.471,2.7,7.3,.366,5.2,9.4,.552,.551,6.3,7.3,.856,0.8,7.7,8.5,10.9,1.3,0.8,4.0,2.4,24.6
Isaiah Hartenstein,C,22,CLE,16,2,17.9,3.3,5.7,.582,0.1,0.4,.333,3.2,5.3,.600,.593,1.5,2.2,.686,1.6,4.4,6.0,2.5,0.5,1.2,1.4,2.8,8.3
Killian Hayes,PG,19,DET,26,18,25.8,2.7,7.7,.353,0.8,2.8,.278,2.0,5.0,.395,.403,0.5,0.7,.824,0.2,2.4,2.7,5.3,1.0,0.4,3.2,2.2,6.8
Kyrie Irving,PG,28,BRK,54,54,34.9,10.2,20.1,.506,2.8,7.0,.402,7.4,13.1,.561,.576,3.7,4.0,.922,1.0,3.8,4.8,6.0,1.4,0.7,2.4,2.6,26.9
Frank Jackson,PG,22,DET,40,6,18.5,3.4,7.3,.457,1.5,3.8,.407,1.8,3.6,.510,.561,1.5,1.9,.813,0.4,1.8,2.2,0.9,0.4,0.0,0.9,1.3,9.8
Josh Jackson,SG,23,DET,62,25,25.2,4.8,11.4,.419,1.2,4.1,.300,3.5,7.3,.487,.473,2.6,3.5,.729,0.9,3.2,4.1,2.3,0.9,0.8,2.3,2.9,13.4
Mike James,PG,30,BRK,13,1,18.2,2.6,7.1,.370,0.8,2.4,.355,1.8,4.7,.377,.429,1.6,2.1,.778,0.2,2.2,2.5,4.2,0.5,0.1,1.5,0.8,7.7
Tyler Johnson,SG,28,BRK,39,3,17.5,1.8,4.7,.393,1.2,3.4,.364,0.6,1.3,.471,.525,0.5,0.5,.857,0.2,1.8,2.0,1.2,0.4,0.0,0.4,1.1,5.4
DeAndre Jordan,C,32,BRK,57,43,21.9,3.3,4.4,.763,0.0,0.0,.000,3.3,4.4,.766,.763,0.8,1.6,.500,2.1,5.4,7.5,1.6,0.3,1.1,1.5,2.0,7.5
Cory Joseph,PG,29,DET,19,11,26.4,4.7,9.3,.506,0.7,2.0,.368,3.9,7.3,.543,.545,1.9,2.2,.878,0.5,2.6,3.2,5.5,1.2,0.5,1.8,2.2,12.0
Saben Lee,PG,21,DET,48,7,16.3,2.1,4.4,.471,0.2,0.5,.348,1.9,3.9,.487,.490,1.3,1.9,.685,0.4,1.6,2.0,3.6,0.7,0.3,1.1,1.6,5.6
Caris LeVert,SG,26,BRK,12,4,27.8,7.3,16.7,.435,1.8,5.3,.349,5.4,11.4,.474,.490,2.2,2.8,.765,0.8,3.5,4.3,6.0,1.1,0.5,2.2,1.7,18.5
Thon Maker,C,23,CLE,8,0,9.5,1.3,2.3,.556,0.0,0.3,.000,1.3,2.0,.625,.556,1.3,1.4,.909,1.0,1.3,2.3,0.5,0.3,0.5,0.4,0.9,3.8
Jeremiah Martin,PG,24,CLE,9,0,8.3,1.0,3.7,.273,0.3,1.3,.250,0.7,2.3,.286,.318,0.1,0.6,.200,0.2,0.6,0.8,0.4,0.6,0.2,0.7,0.1,2.4
JaVale McGee,C,33,CLE,33,1,15.2,3.4,6.5,.521,0.2,0.6,.250,3.2,5.9,.549,.533,1.1,1.7,.655,1.6,3.5,5.2,1.0,0.5,1.2,1.4,2.4,8.0
Rodney McGruder,SG,29,DET,16,2,12.1,2.3,4.4,.529,0.7,1.5,.458,1.6,2.9,.565,.607,0.4,0.5,.750,0.5,0.9,1.4,1.0,0.5,0.1,0.4,0.8,5.7
Jahlil Okafor,C,25,DET,27,2,12.9,2.3,3.8,.618,0.1,0.3,.222,2.3,3.4,.656,.627,0.6,0.9,.708,0.9,1.6,2.4,0.5,0.2,0.2,0.8,1.4,5.4
Isaac Okoro,SG,20,CLE,67,67,32.4,3.5,8.3,.420,0.9,3.2,.290,2.6,5.1,.501,.476,1.7,2.3,.726,1.0,2.1,3.1,1.9,0.9,0.4,1.3,2.8,9.6
Norvel Pelle,C,27,BRK,3,0,9.3,1.0,2.3,.429,0.0,0.0,0,1.0,2.3,.429,.429,0.0,0.0,0,1.0,1.3,2.3,0.0,0.0,1.0,1.0,3.0,2.0
Mason Plumlee,C,30,DET,56,56,26.8,4.2,6.8,.614,0.0,0.1,.000,4.2,6.7,.626,.614,2.0,3.0,.669,2.6,6.7,9.3,3.6,0.8,0.9,1.9,3.3,10.4
Andre Roberson,SG,29,BRK,5,0,12.6,0.4,2.8,.143,0.2,1.6,.125,0.2,1.2,.167,.179,0.2,0.4,.500,1.4,1.6,3.0,0.8,0.6,0.2,0.4,0.8,1.2
Derrick Rose,PG,32,DET,15,0,22.8,5.3,12.3,.429,0.9,2.6,.333,4.4,9.7,.455,.465,2.8,3.3,.840,0.4,1.5,1.9,4.2,1.2,0.3,1.9,1.1,14.2
Collin Sexton,SG,22,CLE,60,60,35.3,8.8,18.4,.475,1.6,4.4,.371,7.1,14.0,.508,.519,5.2,6.4,.815,1.0,2.2,3.1,4.4,1.0,0.2,2.8,2.6,24.3
Landry Shamet,SG,23,BRK,61,12,23.0,3.0,7.5,.408,2.1,5.5,.387,0.9,2.0,.463,.549,1.1,1.3,.846,0.2,1.7,1.8,1.6,0.5,0.2,0.8,1.5,9.3
Iman Shumpert,SG,30,BRK,2,0,5.5,0.5,2.0,.250,0.0,1.5,.000,0.5,0.5,1.000,.250,0.0,0.0,0,0.5,0.0,0.5,0.0,0.5,0.0,0.5,0.0,1.0
Deividas Sirvydis,SG,20,DET,20,0,6.7,0.7,2.0,.350,0.5,1.4,.357,0.2,0.6,.333,.475,0.2,0.3,.500,0.0,1.5,1.5,0.3,0.1,0.0,0.3,0.5,2.1
Dennis Smith Jr.,PG,23,DET,20,9,19.6,2.8,6.8,.415,1.0,2.7,.352,1.9,4.1,.457,.485,0.7,1.0,.700,0.6,2.1,2.7,3.7,1.0,0.7,1.3,1.7,7.3
Isaiah Stewart,C,19,DET,68,14,21.4,3.3,6.0,.553,0.3,0.9,.333,3.0,5.1,.592,.578,0.9,1.4,.696,2.3,4.3,6.7,0.9,0.6,1.3,1.0,2.7,7.9
Brodric Thomas,SG,24,CLE,28,1,13.4,1.3,3.6,.366,0.5,1.9,.283,0.8,1.7,.458,.441,0.9,1.4,.667,0.3,1.5,1.8,0.9,0.5,0.3,0.6,1.3,4.1
Anderson Varej√£o,C,38,CLE,5,0,7.2,0.8,3.2,.250,0.0,0.2,.000,0.8,3.0,.267,.250,1.0,1.8,.556,1.4,2.6,4.0,0.6,0.0,0.4,0.2,0.6,2.6
Noah Vonleh,C,25,BRK,4,0,2.8,0.0,0.8,.000,0.0,0.5,.000,0.0,0.3,.000,.000,0.0,0.0,0,0.0,0.3,0.3,0.3,0.0,0.0,0.5,0.5,0.0
Delon Wright,PG,28,DET,36,31,29.2,3.8,8.1,.464,0.9,2.5,.348,2.9,5.7,.515,.517,2.0,2.5,.789,1.0,3.5,4.6,5.0,1.6,0.5,1.3,1.3,10.4
